Metric,Value
MAE,22162.775576359996
R2,0.8289737900816956
